{"cameraMode":{"drawMode":0,"name":"Shaded","section":"Shading Mode"},"sceneLighting":false,"audioPlay":false,"sceneViewState":{"m_AlwaysRefresh":false,"showFog":true,"showSkybox":false,"showFlares":true,"showImageEffects":true,"showParticleSystems":true,"showVisualEffectGraphs":true,"m_FxEnabled":true},"in2DMode":false,"pivot":{"x":-2.4586915969848635e-7,"y":0.11402228474617005,"z":-1.1175870895385742e-7},"rotation":{"x":-0.5100132822990418,"y":-0.0012791324406862259,"z":0.0001507652341388166,"w":-0.8601656556129456},"size":0.20396669209003449,"orthographic":false}