{"cameraMode":{"drawMode":0,"name":"Shaded","section":"Shading Mode"},"sceneLighting":false,"audioPlay":false,"sceneViewState":{"m_AlwaysRefresh":false,"showFog":true,"showSkybox":false,"showFlares":true,"showImageEffects":true,"showParticleSystems":true,"showVisualEffectGraphs":true,"m_FxEnabled":true},"in2DMode":false,"pivot":{"x":0.7748045325279236,"y":0.5791559815406799,"z":1.0426089763641358},"rotation":{"x":0.0051321289502084259,"y":-0.98052978515625,"z":0.19550645351409913,"w":0.027070771902799608},"size":0.20396670699119569,"orthographic":false}