{"cameraMode":{"drawMode":0,"name":"Shaded","section":"Shading Mode"},"sceneLighting":false,"audioPlay":false,"sceneViewState":{"m_AlwaysRefresh":false,"showFog":true,"showSkybox":false,"showFlares":true,"showImageEffects":true,"showParticleSystems":true,"showVisualEffectGraphs":true,"m_FxEnabled":true},"in2DMode":false,"pivot":{"x":1.2679494619369507,"y":0.3783525228500366,"z":-1.6563947200775147},"rotation":{"x":-0.006515448447316885,"y":0.9911125302314758,"z":-0.1195390596985817,"w":-0.05838131159543991},"size":1.1277904510498047,"orthographic":false}