{"cameraMode":{"drawMode":0,"name":"Shaded","section":"Shading Mode"},"sceneLighting":false,"audioPlay":false,"sceneViewState":{"m_AlwaysRefresh":false,"showFog":true,"showSkybox":false,"showFlares":true,"showImageEffects":true,"showParticleSystems":true,"showVisualEffectGraphs":true,"m_FxEnabled":true},"in2DMode":false,"pivot":{"x":-1.2833747863769532,"y":1.2354177236557007,"z":-0.879604697227478},"rotation":{"x":-0.3567071855068207,"y":-0.027068933472037317,"z":0.009786827489733696,"w":-0.9340079426765442},"size":0.6119000315666199,"orthographic":false}