{"cameraMode":{"drawMode":0,"name":"Shaded","section":"Shading Mode"},"sceneLighting":false,"audioPlay":false,"sceneViewState":{"m_AlwaysRefresh":false,"showFog":true,"showSkybox":false,"showFlares":true,"showImageEffects":true,"showParticleSystems":true,"showVisualEffectGraphs":true,"m_FxEnabled":true},"in2DMode":false,"pivot":{"x":-0.20651006698608399,"y":0.16063089668750764,"z":0.39413732290267947},"rotation":{"x":0.14909815788269044,"y":-0.06396840512752533,"z":0.010197091847658158,"w":0.986747145652771},"size":0.8660253882408142,"orthographic":false}