{"cameraMode":{"drawMode":0,"name":"Shaded","section":"Shading Mode"},"sceneLighting":false,"audioPlay":false,"sceneViewState":{"m_AlwaysRefresh":false,"showFog":true,"showSkybox":false,"showFlares":true,"showImageEffects":true,"showParticleSystems":true,"showVisualEffectGraphs":true,"m_FxEnabled":true},"in2DMode":false,"pivot":{"x":-0.03709053993225098,"y":0.3246777653694153,"z":0.15097811818122865},"rotation":{"x":-0.010073837824165821,"y":-0.8823451995849609,"z":0.4701681137084961,"w":-0.017768869176506997},"size":0.38504019379615786,"orthographic":false}