{"cameraMode":{"drawMode":0,"name":"Shaded","section":"Shading Mode"},"sceneLighting":false,"audioPlay":false,"sceneViewState":{"m_AlwaysRefresh":false,"showFog":true,"showSkybox":false,"showFlares":true,"showImageEffects":true,"showParticleSystems":true,"showVisualEffectGraphs":true,"m_FxEnabled":true},"in2DMode":false,"pivot":{"x":1.2405353784561158,"y":0.21926531195640565,"z":-1.497812032699585},"rotation":{"x":-0.4066644608974457,"y":-0.0034803615417331459,"z":0.000977202202193439,"w":-0.9135721921920776},"size":0.38504019379615786,"orthographic":false}