{"cameraMode":{"drawMode":0,"name":"Shaded","section":"Shading Mode"},"sceneLighting":false,"audioPlay":false,"sceneViewState":{"m_AlwaysRefresh":false,"showFog":true,"showSkybox":false,"showFlares":true,"showImageEffects":true,"showParticleSystems":true,"showVisualEffectGraphs":true,"m_FxEnabled":true},"in2DMode":false,"pivot":{"x":-0.7166104912757874,"y":0.262906938791275,"z":-0.3842470347881317},"rotation":{"x":-0.42824289202690127,"y":-0.09640927612781525,"z":0.04542765021324158,"w":-0.8973738551139832},"size":0.3662000596523285,"orthographic":false}