{"cameraMode":{"drawMode":0,"name":"Shaded","section":"Shading Mode"},"sceneLighting":false,"audioPlay":false,"sceneViewState":{"m_AlwaysRefresh":false,"showFog":true,"showSkybox":false,"showFlares":true,"showImageEffects":true,"showParticleSystems":true,"showVisualEffectGraphs":true,"m_FxEnabled":true},"in2DMode":false,"pivot":{"x":0.4877919554710388,"y":0.24748414754867555,"z":0.13982565701007844},"rotation":{"x":0.008265686221420765,"y":-0.7930053472518921,"z":-0.011811165139079094,"w":-0.6094123721122742},"size":0.5105025768280029,"orthographic":false}