{"cameraMode":{"drawMode":0,"name":"Shaded","section":"Shading Mode"},"sceneLighting":true,"audioPlay":false,"sceneViewState":{"m_AlwaysRefresh":false,"showFog":true,"showSkybox":true,"showFlares":true,"showImageEffects":true,"showParticleSystems":true,"showVisualEffectGraphs":true,"m_FxEnabled":true},"in2DMode":false,"pivot":{"x":1.403868317604065,"y":1.4803783893585206,"z":-0.4559515118598938},"rotation":{"x":-0.43829917907714846,"y":-0.004524723626673222,"z":0.0016222913982346655,"w":-0.8990623354911804},"size":0.4949653446674347,"orthographic":false}